Workbook

Sheet Data
F1: SELEKSI PENERIMAAN BEASISWA
B2: NO | C2: NIM | D2: Nama | E2: IPK | F2: Pendapatan Orang Tua | G2: Tangungan Orang Tua | H2: Aset Kekayaan | I2: Kelengkapan Administrasi
B3: 1 | C3: 122124 | D3: ADTIYA KESUMA | E3: 3.1 | F3: 2500000 | G3: 1 | H3: 184485778 | I3: Lengkap
B4: 2 | C4: 131005 | D4: ACHMAD DEDI | E4: 3.5 | F4: 3670000 | G4: 2 | H4: 203896645 | I4: Lengkap
B5: 3 | C5: 131132 | D5: BETTY SUBAGYO | E5: 3.9 | F5: 1500000 | G5: 4 | H5: 174682000 | I5: Tidak Lengkap
B6: 4 | C6: 142004 | D6: BOY SOPIAN | E6: 3.9 | F6: 4500000 | G6: 3 | H6: 240093579 | I6: Tidak Lengkap
B7: 5 | C7: 142218 | D7: CHINTYA AMELIA | E7: 3.7 | F7: 4700000 | G7: 3 | H7: 226081076 | I7: Tidak Lengkap
B8: 6 | C8: 151145 | D8: DWI HANDOKO | E8: 3 | F8: 2000000 | G8: 6 | H8: 408296053 | I8: Lengkap
B9: 7 | C9: 152015 | D9: DESI NADIYA | E9: 3.7 | F9: 5600000 | G9: 2 | H9: 330754620 | I9: Lengkap
B10: 8 | C10: 162201 | D10: SYAIFULLAH AFANDI | E10: 3.8 | F10: 2600000 | G10: 1 | H10: 332686488 | I10: Lengkap
B11: 9 | C11: 161006 | D11: SUSAN ALYA | E11: 3.9 | F11: 3000000 | G11: 7 | H11: 495673778 | I11: Tidak Lengkap
B12: 10 | C12: 162098 | D12: ZASKIA AYUNDA | E12: 2.9 | F12: 5200000 | G12: 2 | H12: 592648208 | I12: Tidak Lengkap

Sheet Point
D1: SELEKSI PENERIMAAN BEASISWA
B4: NO | C4: NIM | D4: Nama | E4: IPK | F4: Pendapatan Orang Tua | G4: Tangungan Orang Tua | H4: Aset Kekayaan | I4: Kelengkapan Administrasi
B5: 1 | C5: 122124 | D5: ADTIYA KESUMA | E5: =IF(Data!E3>=3.5,20,IF(Data!E3>=3,15,IF(Data!E3>=2.75,10,5))) -> 15 | F5: =IF(Data!F3<2500000,20,IF(Data!F3<3500000,15,IF(Data!F3<5000000,10,5))) -> 15 | G5: =IF(Data!G3<=2,5,IF(Data!G3<4,10,IF(Data!G3<5,15,20))) -> 5 | H5: =IF(Data!H3<=200000000,20,IF(Data!H3<=300000000,15,IF(Data!H3<500000000,10,5))) -> 20 | I5: =IF(Data!I3="Lengkap",20,10) -> 20
B6: 2 | C6: 131005 | D6: ACHMAD DEDI | E6: =IF(Data!E4>=3.5,20,IF(Data!E4>=3,15,IF(Data!E4>=2.75,10,5))) -> 20 | F6: =IF(Data!F4<2500000,20,IF(Data!F4<3500000,15,IF(Data!F4<5000000,10,5))) -> 10 | G6: =IF(Data!G4<=2,5,IF(Data!G4<4,10,IF(Data!G4<5,15,20))) -> 5 | H6: =IF(Data!H4<=200000000,20,IF(Data!H4<=300000000,15,IF(Data!H4<500000000,10,5))) -> 15 | I6: =IF(Data!I4="Lengkap",20,10) -> 20
B7: 3 | C7: 131132 | D7: BETTY SUBAGYO | E7: =IF(Data!E5>=3.5,20,IF(Data!E5>=3,15,IF(Data!E5>=2.75,10,5))) -> 20 | F7: =IF(Data!F5<2500000,20,IF(Data!F5<3500000,15,IF(Data!F5<5000000,10,5))) -> 20 | G7: =IF(Data!G5<=2,5,IF(Data!G5<4,10,IF(Data!G5<5,15,20))) -> 15 | H7: =IF(Data!H5<=200000000,20,IF(Data!H5<=300000000,15,IF(Data!H5<500000000,10,5))) -> 20 | I7: =IF(Data!I5="Lengkap",20,10) -> 10
B8: 4 | C8: 142004 | D8: BOY SOPIAN | E8: =IF(Data!E6>=3.5,20,IF(Data!E6>=3,15,IF(Data!E6>=2.75,10,5))) -> 20 | F8: =IF(Data!F6<2500000,20,IF(Data!F6<3500000,15,IF(Data!F6<5000000,10,5))) -> 10 | G8: =IF(Data!G6<=2,5,IF(Data!G6<4,10,IF(Data!G6<5,15,20))) -> 10 | H8: =IF(Data!H6<=200000000,20,IF(Data!H6<=300000000,15,IF(Data!H6<500000000,10,5))) -> 15 | I8: =IF(Data!I6="Lengkap",20,10) -> 10
B9: 5 | C9: 142218 | D9: CHINTYA AMELIA | E9: =IF(Data!E7>=3.5,20,IF(Data!E7>=3,15,IF(Data!E7>=2.75,10,5))) -> 20 | F9: =IF(Data!F7<2500000,20,IF(Data!F7<3500000,15,IF(Data!F7<5000000,10,5))) -> 10 | G9: =IF(Data!G7<=2,5,IF(Data!G7<4,10,IF(Data!G7<5,15,20))) -> 10 | H9: =IF(Data!H7<=200000000,20,IF(Data!H7<=300000000,15,IF(Data!H7<500000000,10,5))) -> 15 | I9: =IF(Data!I7="Lengkap",20,10) -> 10
B10: 6 | C10: 151145 | D10: DWI HANDOKO | E10: =IF(Data!E8>=3.5,20,IF(Data!E8>=3,15,IF(Data!E8>=2.75,10,5))) -> 15 | F10: =IF(Data!F8<2500000,20,IF(Data!F8<3500000,15,IF(Data!F8<5000000,10,5))) -> 20 | G10: =IF(Data!G8<=2,5,IF(Data!G8<4,10,IF(Data!G8<5,15,20))) -> 20 | H10: =IF(Data!H8<=200000000,20,IF(Data!H8<=300000000,15,IF(Data!H8<500000000,10,5))) -> 10 | I10: =IF(Data!I8="Lengkap",20,10) -> 20
B11: 7 | C11: 152015 | D11: DESI NADIYA | E11: =IF(Data!E9>=3.5,20,IF(Data!E9>=3,15,IF(Data!E9>=2.75,10,5))) -> 20 | F11: =IF(Data!F9<2500000,20,IF(Data!F9<3500000,15,IF(Data!F9<5000000,10,5))) -> 5 | G11: =IF(Data!G9<=2,5,IF(Data!G9<4,10,IF(Data!G9<5,15,20))) -> 5 | H11: =IF(Data!H9<=200000000,20,IF(Data!H9<=300000000,15,IF(Data!H9<500000000,10,5))) -> 10 | I11: =IF(Data!I9="Lengkap",20,10) -> 20
B12: 8 | C12: 162201 | D12: SYAIFULLAH AFANDI | E12: =IF(Data!E10>=3.5,20,IF(Data!E10>=3,15,IF(Data!E10>=2.75,10,5))) -> 20 | F12: =IF(Data!F10<2500000,20,IF(Data!F10<3500000,15,IF(Data!F10<5000000,10,5))) -> 15 | G12: =IF(Data!G10<=2,5,IF(Data!G10<4,10,IF(Data!G10<5,15,20))) -> 5 | H12: =IF(Data!H10<=200000000,20,IF(Data!H10<=300000000,15,IF(Data!H10<500000000,10,5))) -> 10 | I12: =IF(Data!I10="Lengkap",20,10) -> 20
B13: 9 | C13: 161006 | D13: SUSAN ALYA | E13: =IF(Data!E11>=3.5,20,IF(Data!E11>=3,15,IF(Data!E11>=2.75,10,5))) -> 20 | F13: =IF(Data!F11<2500000,20,IF(Data!F11<3500000,15,IF(Data!F11<5000000,10,5))) -> 15 | G13: =IF(Data!G11<=2,5,IF(Data!G11<4,10,IF(Data!G11<5,15,20))) -> 20 | H13: =IF(Data!H11<=200000000,20,IF(Data!H11<=300000000,15,IF(Data!H11<500000000,10,5))) -> 10 | I13: =IF(Data!I11="Lengkap",20,10) -> 10
B14: 10 | C14: 162098 | D14: ZASKIA AYUNDA | E14: =IF(Data!E12>=3.5,20,IF(Data!E12>=3,15,IF(Data!E12>=2.75,10,5))) -> 10 | F14: =IF(Data!F12<2500000,20,IF(Data!F12<3500000,15,IF(Data!F12<5000000,10,5))) -> 5 | G14: =IF(Data!G12<=2,5,IF(Data!G12<4,10,IF(Data!G12<5,15,20))) -> 5 | H14: =IF(Data!H12<=200000000,20,IF(Data!H12<=300000000,15,IF(Data!H12<500000000,10,5))) -> 5 | I14: =IF(Data!I12="Lengkap",20,10) -> 10
B17: No | C17: IPK | D17: Point | F17: No | G17: Pendapatan | H17: Point | J17: No | K17: Kelengkapan Andministrasi | L17: Point
B18: 1 | C18: IPK Diatas 3,5 | D18: 20 | F18: 1 | G18: Dibawah 2,5 juta | H18: 20 | J18: 1 | K18: Lengkap | L18: 20
B19: 2 | C19: IPK Diatas 3,0 | D19: 15 | F19: 2 | G19: Diatas 2,6 juta | H19: 15 | J19: 2 | K19: Tidak Lengkap | L19: 10
B20: 3 | C20: IPK Diatas 2,75 | D20: 10 | F20: 3 | G20: Diatas 3,5 | H20: 10
B21: 4 | C21: IPK Dibawah 2,75 | D21: 5 | F21: 4 | G21: Diatas 5 juta | H21: 5
B23: No | C23: Aset Kekayaan | D23: Point | F23: No | G23: Tanggungan | H23: Point
B24: 1 | C24: 100-200 juta | D24: 20 | F24: 1 | G24: Lebih dari 5 anak | H24: 20
B25: 2 | C25: 200-300 juta | D25: 15 | F25: 2 | G25: 4 anak | H25: 15
B26: 3 | C26: 300-500 juta | D26: 10 | F26: 3 | G26: 3 anak | H26: 10
B27: 4 | C27: diatas 500 juta | D27: 5 | F27: 4 | G27: 2 atau 1 anak | H27: 5

Sheet SAW
C1: SELEKSI PENERIMAAN BEASISWA
B4: cost benefit | C4: cost | D4: benefit | E4: benefit | F4: benefit | G4: benefit
B5: Kepentingan | C5: 20 | D5: 30 | E5: 20 | F5: 10 | G5: 20 | H5: =SUM(C5:G5) -> 100
B6: ALTERNATIF/KRITERIA | C6: Aset Kekayaan | D6: IPK | E6: Pendapatan orang tua | F6: Kelengkapan Administrasi | G6: Tanggungan orang tua
B7: ADTIYA KESUMA | C7: 20 | D7: 15 | E7: 15 | F7: 20 | G7: 5
B8: ACHMAD DEDI | C8: 15 | D8: 20 | E8: 10 | F8: 20 | G8: 5
B9: BETTY SUBAGYO | C9: 20 | D9: 20 | E9: 20 | F9: 10 | G9: 15
B10: BOY SOPIAN | C10: 15 | D10: 20 | E10: 10 | F10: 10 | G10: 10
B11: CHINTYA AMELIA | C11: 15 | D11: 20 | E11: 10 | F11: 10 | G11: 10
B12: DWI HANDOKO | C12: 10 | D12: 15 | E12: 20 | F12: 20 | G12: 20
B13: DESI NADIYA | C13: 10 | D13: 20 | E13: 5 | F13: 20 | G13: 5
B14: SYAIFULLAH AFANDI | C14: 10 | D14: 20 | E14: 15 | F14: 20 | G14: 5
B15: SUSAN ALYA | C15: 10 | D15: 20 | E15: 15 | F15: 10 | G15: 20
B16: ZASKIA AYUNDA | C16: 5 | D16: 10 | E16: 5 | F16: 10 | G16: 5
B17: Pembagi | C17: =IF(C$4="cost",MIN(C$7:C$16),MAX(C$7:C$16)) -> 5 | D17: =IF(D$4="cost",MIN(D$7:D$16),MAX(D$7:D$16)) -> 20 | E17: =IF(E$4="cost",MIN(E$7:E$16),MAX(E$7:E$16)) -> 20 | F17: =IF(F$4="cost",MIN(F$7:F$16),MAX(F$7:F$16)) -> 20 | G17: =IF(G$4="cost",MIN(G$7:G$16),MAX(G$7:G$16)) -> 20
B18: Normalisasi | C18: =IF(C$4="cost",MIN(C$7:C$16)/C7,C7/MAX(C$7:C$16)) -> 0.25 | D18: =IF(D$4="cost",MIN(D$7:D$16)/D7,D7/MAX(D$7:D$16)) -> 0.75 | E18: =IF(E$4="cost",MIN(E$7:E$16)/E7,E7/MAX(E$7:E$16)) -> 0.75 | F18: =IF(F$4="cost",MIN(F$7:F$16)/F7,F7/MAX(F$7:F$16)) -> 1 | G18: =IF(G$4="cost",MIN(G$7:G$16)/G7,G7/MAX(G$7:G$16)) -> 0.25
C19: =IF(C$4="cost",MIN(C$7:C$16)/C8,C8/MAX(C$7:C$16)) -> 0.33333333 | D19: =IF(D$4="cost",MIN(D$7:D$16)/D8,D8/MAX(D$7:D$16)) -> 1 | E19: =IF(E$4="cost",MIN(E$7:E$16)/E8,E8/MAX(E$7:E$16)) -> 0.5 | F19: =IF(F$4="cost",MIN(F$7:F$16)/F8,F8/MAX(F$7:F$16)) -> 1 | G19: =IF(G$4="cost",MIN(G$7:G$16)/G8,G8/MAX(G$7:G$16)) -> 0.25
C20: =IF(C$4="cost",MIN(C$7:C$16)/C9,C9/MAX(C$7:C$16)) -> 0.25 | D20: =IF(D$4="cost",MIN(D$7:D$16)/D9,D9/MAX(D$7:D$16)) -> 1 | E20: =IF(E$4="cost",MIN(E$7:E$16)/E9,E9/MAX(E$7:E$16)) -> 1 | F20: =IF(F$4="cost",MIN(F$7:F$16)/F9,F9/MAX(F$7:F$16)) -> 0.5 | G20: =IF(G$4="cost",MIN(G$7:G$16)/G9,G9/MAX(G$7:G$16)) -> 0.75
C21: =IF(C$4="cost",MIN(C$7:C$16)/C10,C10/MAX(C$7:C$16)) -> 0.33333333 | D21: =IF(D$4="cost",MIN(D$7:D$16)/D10,D10/MAX(D$7:D$16)) -> 1 | E21: =IF(E$4="cost",MIN(E$7:E$16)/E10,E10/MAX(E$7:E$16)) -> 0.5 | F21: =IF(F$4="cost",MIN(F$7:F$16)/F10,F10/MAX(F$7:F$16)) -> 0.5 | G21: =IF(G$4="cost",MIN(G$7:G$16)/G10,G10/MAX(G$7:G$16)) -> 0.5
C22: =IF(C$4="cost",MIN(C$7:C$16)/C11,C11/MAX(C$7:C$16)) -> 0.33333333 | D22: =IF(D$4="cost",MIN(D$7:D$16)/D11,D11/MAX(D$7:D$16)) -> 1 | E22: =IF(E$4="cost",MIN(E$7:E$16)/E11,E11/MAX(E$7:E$16)) -> 0.5 | F22: =IF(F$4="cost",MIN(F$7:F$16)/F11,F11/MAX(F$7:F$16)) -> 0.5 | G22: =IF(G$4="cost",MIN(G$7:G$16)/G11,G11/MAX(G$7:G$16)) -> 0.5
C23: =IF(C$4="cost",MIN(C$7:C$16)/C12,C12/MAX(C$7:C$16)) -> 0.5 | D23: =IF(D$4="cost",MIN(D$7:D$16)/D12,D12/MAX(D$7:D$16)) -> 0.75 | E23: =IF(E$4="cost",MIN(E$7:E$16)/E12,E12/MAX(E$7:E$16)) -> 1 | F23: =IF(F$4="cost",MIN(F$7:F$16)/F12,F12/MAX(F$7:F$16)) -> 1 | G23: =IF(G$4="cost",MIN(G$7:G$16)/G12,G12/MAX(G$7:G$16)) -> 1
C24: =IF(C$4="cost",MIN(C$7:C$16)/C13,C13/MAX(C$7:C$16)) -> 0.5 | D24: =IF(D$4="cost",MIN(D$7:D$16)/D13,D13/MAX(D$7:D$16)) -> 1 | E24: =IF(E$4="cost",MIN(E$7:E$16)/E13,E13/MAX(E$7:E$16)) -> 0.25 | F24: =IF(F$4="cost",MIN(F$7:F$16)/F13,F13/MAX(F$7:F$16)) -> 1 | G24: =IF(G$4="cost",MIN(G$7:G$16)/G13,G13/MAX(G$7:G$16)) -> 0.25
C25: =IF(C$4="cost",MIN(C$7:C$16)/C14,C14/MAX(C$7:C$16)) -> 0.5 | D25: =IF(D$4="cost",MIN(D$7:D$16)/D14,D14/MAX(D$7:D$16)) -> 1 | E25: =IF(E$4="cost",MIN(E$7:E$16)/E14,E14/MAX(E$7:E$16)) -> 0.75 | F25: =IF(F$4="cost",MIN(F$7:F$16)/F14,F14/MAX(F$7:F$16)) -> 1 | G25: =IF(G$4="cost",MIN(G$7:G$16)/G14,G14/MAX(G$7:G$16)) -> 0.25
C26: =IF(C$4="cost",MIN(C$7:C$16)/C15,C15/MAX(C$7:C$16)) -> 0.5 | D26: =IF(D$4="cost",MIN(D$7:D$16)/D15,D15/MAX(D$7:D$16)) -> 1 | E26: =IF(E$4="cost",MIN(E$7:E$16)/E15,E15/MAX(E$7:E$16)) -> 0.75 | F26: =IF(F$4="cost",MIN(F$7:F$16)/F15,F15/MAX(F$7:F$16)) -> 0.5 | G26: =IF(G$4="cost",MIN(G$7:G$16)/G15,G15/MAX(G$7:G$16)) -> 1
C27: =IF(C$4="cost",MIN(C$7:C$16)/C16,C16/MAX(C$7:C$16)) -> 1 | D27: =IF(D$4="cost",MIN(D$7:D$16)/D16,D16/MAX(D$7:D$16)) -> 0.5 | E27: =IF(E$4="cost",MIN(E$7:E$16)/E16,E16/MAX(E$7:E$16)) -> 0.25 | F27: =IF(F$4="cost",MIN(F$7:F$16)/F16,F16/MAX(F$7:F$16)) -> 0.5 | G27: =IF(G$4="cost",MIN(G$7:G$16)/G16,G16/MAX(G$7:G$16)) -> 0.25
B29: Nama | C29: Hasil Poin
B30: ADTIYA KESUMA | C30: =(C$5*C18)+(D$5*D18)+(E$5*E18)+(F$5*F18)+(G$5*G18) -> 57.5 | E30: Rekomendasi
B31: ACHMAD DEDI | C31: =(C$5*C19)+(D$5*D19)+(E$5*E19)+(F$5*F19)+(G$5*G19) -> 61.666667 | E31: DWI HANDOKO | F31: =(C$5*C23)+(D$5*D23)+(E$5*E23)+(F$5*F23)+(G$5*G23) -> 82.5
B32: BETTY SUBAGYO | C32: =(C$5*C20)+(D$5*D20)+(E$5*E20)+(F$5*F20)+(G$5*G20) -> 75
B33: BOY SOPIAN | C33: =(C$5*C21)+(D$5*D21)+(E$5*E21)+(F$5*F21)+(G$5*G21) -> 61.666667
B34: CHINTYA AMELIA | C34: =(C$5*C22)+(D$5*D22)+(E$5*E22)+(F$5*F22)+(G$5*G22) -> 61.666667
B35: DWI HANDOKO | C35: =(C$5*C23)+(D$5*D23)+(E$5*E23)+(F$5*F23)+(G$5*G23) -> 82.5
B36: DESI NADIYA | C36: =(C$5*C24)+(D$5*D24)+(E$5*E24)+(F$5*F24)+(G$5*G24) -> 60
B37: SYAIFULLAH AFANDI | C37: =(C$5*C25)+(D$5*D25)+(E$5*E25)+(F$5*F25)+(G$5*G25) -> 70
B38: SUSAN ALYA | C38: =(C$5*C26)+(D$5*D26)+(E$5*E26)+(F$5*F26)+(G$5*G26) -> 80
B39: ZASKIA AYUNDA | C39: =(C$5*C27)+(D$5*D27)+(E$5*E27)+(F$5*F27)+(G$5*G27) -> 50
